{
  "game" : {
    "partyname" : "Standard",
    "mapNo" : 0,
    "size" : "small",
    "map" : {
      "activePlayer_id" : 1,
      "moves" : 10
    },
    "player1" : {
      "name" : "",
      "id" : 1,
      "posx" : 28.037373622162512,
      "posy" : 8.657321963222895
    },
    "player2" : {
      "name" : "",
      "id" : 2,
      "posx" : 72.43538401990217,
      "posy" : 11.096970120804624
    },
    "tank" : {
      "life1" : 100,
      "angle1" : 30,
      "life2" : 10,
      "angle2" : 150
    }
  }
}