{
  "game" : {
    "partyname" : "Standard",
    "mapNo" : 2,
    "size" : "small",
    "map" : {
      "activePlayer_id" : 2,
      "moves" : 10
    },
    "player1" : {
      "name" : "432432",
      "id" : 1,
      "posx" : 23.848966947592025,
      "posy" : 10.432614005402662
    },
    "player2" : {
      "name" : "432423",
      "id" : 2,
      "posx" : 69.86599194850511,
      "posy" : 10.234125067118814
    },
    "tank" : {
      "life1" : 60,
      "angle1" : 45,
      "life2" : 20,
      "angle2" : 150
    }
  }
}